{
    "batch_size": 128,
    "best_valid_measure": 0.22888547320698582,
    "epoch": 25,
    "last_improvement": 0,
    "last_improvement_epoch": 25,
    "learning_rate": 0.001,
    "num_increases_bs": 0,
    "num_reductions_lr": 0,
    "steps": 325,
    "test_stats": {
        "class": {
            "accuracy": [
                0.35462555066079293,
                0.6696035242290749,
                0.5154185022026432,
                0.5572687224669604,
                0.6145374449339207,
                0.6651982378854625,
                0.8392070484581498,
                0.8678414096916299,
                0.8722466960352423,
                0.8722466960352423,
                0.9074889867841409,
                0.9140969162995595,
                0.9229074889867841,
                0.9162995594713657,
                0.920704845814978,
                0.9229074889867841,
                0.920704845814978,
                0.920704845814978,
                0.920704845814978,
                0.920704845814978,
                0.920704845814978,
                0.920704845814978,
                0.920704845814978,
                0.920704845814978,
                0.9185022026431718
            ],
            "hits_at_k": [
                0.73568281938326,
                0.8590308370044053,
                0.9449339207048458,
                0.8920704845814978,
                0.8986784140969163,
                0.9647577092511013,
                0.9757709251101322,
                0.9889867841409692,
                0.986784140969163,
                0.9933920704845814,
                0.9977973568281938,
                0.9911894273127754,
                0.9955947136563876,
                0.9911894273127754,
                0.9955947136563876,
                0.9911894273127754,
                0.9933920704845814,
                0.9933920704845814,
                0.9955947136563876,
                0.9955947136563876,
                0.9955947136563876,
                0.9955947136563876,
                0.9955947136563876,
                0.9955947136563876,
                0.9955947136563876
            ],
            "loss": [
                2.0822273624100873,
                1.0163196362062699,
                1.1548695165155218,
                1.1108700714447426,
                1.0089808350617666,
                0.8996620178222656,
                0.46458721581009516,
                0.3891794608027925,
                0.35238868444501564,
                0.3402429320213553,
                0.30089997194937146,
                0.296530169012263,
                0.2801783473481166,
                0.2844298232494472,
                0.2805380212052803,
                0.2790561793659227,
                0.2766529452958296,
                0.27484310250975486,
                0.2729870422296062,
                0.27135197391594035,
                0.2697504228432273,
                0.2683144497976429,
                0.2668445393902615,
                0.26525728082866923,
                0.26503953219510384
            ]
        },
        "combined": {
            "accuracy": [
                0.35462555066079293,
                0.6696035242290749,
                0.5154185022026432,
                0.5572687224669604,
                0.6145374449339207,
                0.6651982378854625,
                0.8392070484581498,
                0.8678414096916299,
                0.8722466960352423,
                0.8722466960352423,
                0.9074889867841409,
                0.9140969162995595,
                0.9229074889867841,
                0.9162995594713657,
                0.920704845814978,
                0.9229074889867841,
                0.920704845814978,
                0.920704845814978,
                0.920704845814978,
                0.920704845814978,
                0.920704845814978,
                0.920704845814978,
                0.920704845814978,
                0.920704845814978,
                0.9185022026431718
            ],
            "loss": [
                2.0822273624100873,
                1.0163196362062699,
                1.1548695165155218,
                1.1108700714447426,
                1.0089808350617666,
                0.8996620178222656,
                0.46458721581009516,
                0.3891794608027925,
                0.35238868444501564,
                0.3402429320213553,
                0.30089997194937146,
                0.296530169012263,
                0.2801783473481166,
                0.2844298232494472,
                0.2805380212052803,
                0.2790561793659227,
                0.2766529452958296,
                0.27484310250975486,
                0.2729870422296062,
                0.27135197391594035,
                0.2697504228432273,
                0.2683144497976429,
                0.2668445393902615,
                0.26525728082866923,
                0.26503953219510384
            ]
        }
    },
    "train_stats": {
        "class": {
            "accuracy": [
                0.5003215434083601,
                0.8559485530546623,
                0.7993569131832797,
                0.8237942122186496,
                0.8790996784565916,
                0.9704180064308682,
                1.0,
                1.0,
                1.0,
                1.0,
                1.0,
                1.0,
                1.0,
                1.0,
                1.0,
                1.0,
                1.0,
                1.0,
                1.0,
                1.0,
                1.0,
                1.0,
                1.0,
                1.0,
                1.0
            ],
            "hits_at_k": [
                0.7897106109324759,
                0.9672025723472669,
                0.9993569131832798,
                0.992282958199357,
                1.0,
                1.0,
                1.0,
                1.0,
                1.0,
                1.0,
                1.0,
                1.0,
                1.0,
                1.0,
                1.0,
                1.0,
                1.0,
                1.0,
                1.0,
                1.0,
                1.0,
                1.0,
                1.0,
                1.0,
                1.0
            ],
            "loss": [
                1.844897794570187,
                0.5961149720133693,
                0.5255828501710554,
                0.41081009712249905,
                0.2858888172260051,
                0.12335468593900993,
                0.027658620237154208,
                0.01822951791322883,
                0.014139512933527158,
                0.012499032217494162,
                0.005437595395437199,
                0.00473013820839369,
                0.0041128413086918775,
                0.003577058036718817,
                0.003212710405277669,
                0.002926714433255303,
                0.0026743477773388483,
                0.0024537242374044524,
                0.002256719269744836,
                0.0020799500421528074,
                0.0019209487558345512,
                0.0017775768122165628,
                0.0016466087625748283,
                0.0015225855870190349,
                0.001418729322300655
            ]
        },